keyword,category,priority
cim connect 2026,event,high
cim vancouver 2026,event,high
cim connect,event,high
cim,brand,high
cim vancouver,event,high
cim 2026,event,high
cim conference,event,high
cim 2026 vancouver,event,high
cim conference 2026,event,high
ni 43-101,technical,high
cim mining,brand,medium
cim connect 2026 vancouver,event,high
canadian institute of mining,brand,medium
cim connect vancouver 2026,event,high
cim connect convention + expo,event,high
cim canada,brand,medium
cim connect vancouver,event,medium
cim magazine,publication,medium
cim sudbury,branch,medium
canadian institute of mining metallurgy and petroleum,brand,medium
mrmr conference 2026,event,medium
cim convention,event,medium
cim montreal,branch,medium
cim convention 2026,event,medium
cim saskatoon,branch,medium
